no,name
39,Formula 1
38,To Serve and Protect
37,Deep Trouble
36,The Cicada and the Cockroach
35,Ugly Dirty and Good
34,Oggy's Double
33,Cartoon Lesson
32,Moving Out
31,Locked Outside
30,Oggy's grandma
29,Oggy's Crab
28,Fancy-a-Pizza
27,Hold Up
26,Surf's On
25,Horse Ride
24,The Ancestor
23,The Mini-Golf War
22,Oggywood
21,Termite-ator
20,The World Underneath
19,Priceless Roaches
18,The Fugitive
17,Golden Eggs
16,Inside Out
15,Castaway Cats
14,Trans-Amazonian
13,Just Married!
12,Living Carrots
11,First Flight
10,Invincible
9,Santa Oggy
8,Casino
7,Oggy and the Magic Shoes
6,Scuba Diving
5,V.I.P. Party
4,Abandoned Cockroaches
3,Night Watchmen
2,Sheepcat
1,Octopus